/*
SQLyog Enterprise - MySQL GUI v8.02 RC
MySQL - 5.5.44 : Database - Unifi_CMS
*********************************************************************
*/

/*!40101 SET NAMES utf8 */;

/*!40101 SET SQL_MODE=''*/;

/*!40014 SET @OLD_FOREIGN_KEY_CHECKS=@@FOREIGN_KEY_CHECKS, FOREIGN_KEY_CHECKS=0 */;
/*!40101 SET @OLD_SQL_MODE=@@SQL_MODE, SQL_MODE='NO_AUTO_VALUE_ON_ZERO' */;

/*Table structure for table `access_point` */

CREATE TABLE `access_point` (
  `access_point_id` int(11) NOT NULL AUTO_INCREMENT COMMENT 'ID',
  `access_point_group_id` int(11) NOT NULL COMMENT 'Access Point Group',
  `name` varchar(64) NOT NULL COMMENT 'Name',
  `is_active` tinyint(1) NOT NULL COMMENT 'Status',
  `created_at` datetime NOT NULL COMMENT 'Date added',
  `updated_at` datetime NOT NULL COMMENT 'Date updated',
  PRIMARY KEY (`access_point_id`)
) ENGINE=InnoDB AUTO_INCREMENT=267 DEFAULT CHARSET=utf8;

/*Data for the table `access_point` */

insert  into `access_point`(`access_point_id`,`access_point_group_id`,`name`,`is_active`,`created_at`,`updated_at`) values (1,2,'24:de:c6:c6:e8:7a',1,'2015-10-22 13:33:26','2015-10-22 13:33:26'),(2,3,'AP 106 Healthy Option',1,'2015-10-22 13:33:37','2015-10-22 13:33:37'),(3,3,'AP 107:Alexandre/K2',1,'2015-10-22 13:33:48','2015-10-22 13:33:48'),(4,3,'AP 108 Mercury drug',1,'2015-10-22 13:34:04','2015-10-22 13:34:04'),(5,3,'AP 109:Kenny Rogers',1,'2015-10-22 13:34:17','2015-10-22 13:34:17'),(6,3,'AP 110:Tokyo Tokyo',1,'2015-10-22 13:34:30','2015-10-22 13:34:30'),(7,3,'AP 111:Mister Donut',1,'2015-10-22 13:34:42','2015-10-22 13:34:42'),(8,3,'AP 112:MRT Entrance',1,'2015-10-22 13:35:01','2015-10-22 13:35:01'),(9,3,'AP 113:McDonaldGlobe',1,'2015-10-22 13:35:13','2015-10-22 13:35:13'),(10,3,'AP 114:Chowking',1,'2015-10-22 13:35:22','2015-10-22 13:35:22'),(11,3,'AP 115:Freeway',1,'2015-10-22 13:35:32','2015-10-22 13:35:32'),(12,3,'AP 116:BPI express/Western',1,'2015-10-22 13:35:54','2015-10-22 13:35:54'),(13,3,'AP 117:National Bookstore',1,'2015-10-22 13:36:04','2015-10-22 13:36:04'),(14,3,'AP 118:Mary Grace',1,'2015-10-22 13:36:16','2015-10-22 13:36:16'),(15,3,'AP 119:Mossimo/FINO',1,'2015-10-22 13:36:31','2015-10-22 13:36:31'),(16,3,'AP 120:Penshoppe',1,'2015-10-22 13:37:10','2015-10-22 13:37:10'),(17,3,'AP 121:OxygenGlobe',1,'2015-10-22 13:37:41','2015-10-22 13:37:41'),(18,3,'AP 122:Teriuaki Boy/Pancake Hous',1,'2015-10-22 13:37:52','2015-10-22 13:37:52'),(19,3,'AP 123:Seafood Island',1,'2015-10-22 13:38:03','2015-10-22 13:38:03'),(20,3,'AP 124:Red Mango',1,'2015-10-22 13:38:14','2015-10-22 13:38:14'),(21,3,'AP 125:Pho Hoa Health Care',1,'2015-10-22 13:39:21','2015-10-22 13:39:21'),(22,3,'AP 126 Chronos',1,'2015-10-22 13:39:32','2015-10-22 13:39:32'),(23,3,'AP 127:Dockers',1,'2015-10-22 13:39:47','2015-10-22 13:39:47'),(24,3,'AP 229:Lets face it',1,'2015-10-22 13:39:57','2015-10-22 13:39:57'),(25,3,'AP 230:Seattles Best',1,'2015-10-22 13:40:07','2015-10-22 13:40:07'),(26,3,'AP 231:Taco Bell',1,'2015-10-22 13:40:28','2015-10-22 13:40:28'),(27,3,'AP 232:Yellow Cab',1,'2015-10-22 13:40:39','2015-10-22 13:40:39'),(28,3,'AP 233:Adidas',1,'2015-10-22 13:40:49','2015-10-22 13:40:49'),(29,3,'AP 234:Sledgers',1,'2015-10-22 13:41:00','2015-10-22 13:41:00'),(30,3,'AP 236:Converse',1,'2015-10-22 13:41:21','2015-10-22 13:41:21'),(31,3,'AP 237:Starbucks',1,'2015-10-22 13:41:43','2015-10-22 13:41:43'),(32,3,'AP 238:Bench Fix Salon',1,'2015-10-22 13:41:53','2015-10-22 13:41:53'),(33,3,'AP 239:Handyman',1,'2015-10-22 13:42:04','2015-10-22 13:42:04'),(34,3,'AP 240:Rolex/Tudor',1,'2015-10-22 13:42:14','2015-10-22 13:42:14'),(35,3,'AP 241:Cutting Edge',1,'2015-10-22 13:42:26','2015-10-22 13:42:26'),(36,3,'AP 242:PedroGlobe',1,'2015-10-22 13:42:39','2015-10-22 13:42:39'),(37,3,'AP 243:Tempura',1,'2015-10-22 13:42:54','2015-10-22 13:42:54'),(38,3,'AP 243:Tempura',1,'2015-10-22 13:43:11','2015-10-22 13:43:11'),(39,3,'AP 328:Optical',1,'2015-10-22 13:43:36','2015-10-22 13:43:36'),(40,3,'AP 345:Hobbies & Landes',1,'2015-10-22 13:43:46','2015-10-22 13:43:46'),(41,3,'AP 346:Schu',1,'2015-10-22 13:43:56','2015-10-22 13:43:56'),(42,3,'AP 347:Bauhaus',1,'2015-10-22 13:44:06','2015-10-22 13:44:06'),(43,3,'AP 348:Ecco',1,'2015-10-22 13:44:15','2015-10-22 13:44:15'),(44,3,'AP 349:Ninewest',1,'2015-10-22 13:44:25','2015-10-22 13:44:25'),(45,3,'AP 350:Kimpura',1,'2015-10-22 13:44:35','2015-10-22 13:44:35'),(46,3,'AP 351:Celio',1,'2015-10-22 13:44:45','2015-10-22 13:44:45'),(47,3,'AP 352:Restoration',1,'2015-10-22 13:45:01','2015-10-22 13:45:01'),(48,3,'AP 353:Periwinkle',1,'2015-10-22 13:45:11','2015-10-22 13:45:11'),(49,3,'AP 354:Health Options',1,'2015-10-22 13:45:21','2015-10-22 13:45:21'),(50,3,'AP 355:L Occitane',1,'2015-10-22 13:45:34','2015-10-22 13:45:34'),(51,3,'AP 356:Power Books',1,'2015-10-22 13:45:44','2015-10-22 13:45:44'),(52,3,'AP 357:Bistro',1,'2015-10-22 13:45:53','2015-10-22 13:45:53'),(53,3,'AP 358:ABE',1,'2015-10-22 13:46:03','2015-10-22 13:46:03'),(54,3,'AP 367:Gelatissimo',1,'2015-10-22 13:46:13','2015-10-22 13:46:13'),(55,3,'AP 459:Bigoli',1,'2015-10-22 13:46:22','2015-10-22 13:46:22'),(56,3,'AP 460:Apostrophe',1,'2015-10-22 13:46:32','2015-10-22 13:46:32'),(57,3,'AP 461: NYFD',1,'2015-10-22 13:46:42','2015-10-22 13:46:42'),(58,3,'AP 462 Muscle Beach',1,'2015-10-22 13:46:53','2015-10-22 13:46:53'),(59,3,'AP 463 Yakimx',1,'2015-10-22 13:47:02','2015-10-22 13:47:02'),(60,3,'AP 464 Timezone',1,'2015-10-22 13:47:13','2015-10-22 13:47:13'),(61,3,'AP 465 CYMA',1,'2015-10-22 13:47:23','2015-10-22 13:47:23'),(62,3,'AP 466 TGIF',1,'2015-10-22 13:47:33','2015-10-22 13:47:33'),(63,3,'AP P01 North Drive Lobby Entrance',1,'2015-10-22 13:47:45','2015-10-22 13:49:59'),(64,3,'AP P02 JCO Donut',1,'2015-10-22 13:50:11','2015-10-22 13:50:11'),(65,3,'AP P03 Sleepcare',1,'2015-10-22 13:50:22','2015-10-22 13:50:22'),(66,3,'AP P04 Piandre',1,'2015-10-22 13:50:32','2015-10-22 13:50:32'),(67,3,'AP P05 UCC',1,'2015-10-22 13:50:43','2015-10-22 13:50:43'),(68,4,'24:de:c6:c6:e7:8a',1,'2015-10-22 13:51:07','2015-10-22 13:51:07'),(69,4,'9c:1c:12:c5:2c:e2',1,'2015-10-22 13:51:19','2015-10-22 13:51:19'),(70,4,'AP 102:Entrance',1,'2015-10-22 13:51:35','2015-10-22 13:51:35'),(71,4,'AP 103:Samsung',1,'2015-10-22 13:51:44','2015-10-22 13:51:44'),(72,4,'AP 105:Shilin',1,'2015-10-22 13:51:55','2015-10-22 13:51:55'),(73,4,'AP 106:Pedro',1,'2015-10-22 13:52:04','2015-10-22 13:52:04'),(74,4,'AP 107:J.CO',1,'2015-10-22 13:52:21','2015-10-22 13:52:21'),(75,4,'AP 108:Mercury Drug',1,'2015-10-22 13:52:31','2015-10-22 13:52:31'),(76,4,'AP 109:French Baker',1,'2015-10-22 13:52:49','2015-10-22 13:52:49'),(77,4,'AP 110:Cotton On',1,'2015-10-22 13:53:00','2015-10-22 13:53:00'),(78,4,'AP 111:Mango',1,'2015-10-22 13:53:09','2015-10-22 13:53:09'),(79,4,'AP 112:UCC',1,'2015-10-22 13:53:21','2015-10-22 13:53:21'),(80,4,'AP 141:Tenant A083',1,'2015-10-22 13:53:31','2015-10-22 13:54:00'),(81,4,'AP 142:Tenant A148',1,'2015-10-22 13:54:10','2015-10-22 13:54:10'),(82,4,'AP 143:Tenant A141',1,'2015-10-22 13:54:21','2015-10-22 13:54:21'),(83,4,'AP 144:Tenant A006',1,'2015-10-22 13:54:32','2015-10-22 13:54:32'),(84,4,'AP 145:Tenant A019',1,'2015-10-22 13:55:18','2015-10-22 13:55:18'),(85,4,'AP 146:Tenant A127',1,'2015-10-22 13:55:29','2015-10-22 13:55:29'),(86,4,'AP 147:Tenant A109',1,'2015-10-22 13:55:40','2015-10-22 13:55:40'),(87,4,'AP 160:Dzy Zone',1,'2015-10-22 13:55:51','2015-10-22 13:55:51'),(88,4,'AP 161:Lotto',1,'2015-10-22 13:56:03','2015-10-22 13:56:03'),(89,4,'AP 162:Aguirre Loan',1,'2015-10-22 13:56:15','2015-10-22 13:56:15'),(90,4,'AP 163:CS156',1,'2015-10-22 13:56:24','2015-10-22 13:56:24'),(91,4,'AP 164:Phoebe Tech',1,'2015-10-22 13:56:34','2015-10-22 13:56:34'),(92,4,'AP 213:Escalator to Grnd. Flr.',1,'2015-10-22 13:56:48','2015-10-22 13:56:48'),(93,4,'AP 214:Escalator to 3rd Flr.',1,'2015-10-22 13:56:58','2015-10-22 13:56:58'),(94,4,'AP 215:National Bookstore',1,'2015-10-22 13:57:08','2015-10-22 13:57:08'),(95,4,'AP 216:Bench',1,'2015-10-22 13:57:19','2015-10-22 13:57:19'),(96,4,'AP 217:Celine',1,'2015-10-22 13:57:29','2015-10-22 13:57:29'),(97,4,'AP 218:Kashieca',1,'2015-10-22 13:57:38','2015-10-22 13:57:38'),(98,4,'AP 219:Barbie',1,'2015-10-22 13:57:48','2015-10-22 13:57:48'),(99,4,'AP 220:Face Shop',1,'2015-10-22 13:57:59','2015-10-22 13:57:59'),(100,4,'AP 221:Red Crab',1,'2015-10-22 13:58:09','2015-10-22 13:58:09'),(101,4,'AP 222:Admin. Bldg.',1,'2015-10-22 13:58:19','2015-10-22 13:58:19'),(102,4,'AP 248:Nacho King',1,'2015-10-22 13:58:29','2015-10-22 13:58:29'),(103,4,'AP 249:Benkat',1,'2015-10-22 13:58:40','2015-10-22 13:58:40'),(104,4,'AP 250:Tenant B052',1,'2015-10-22 13:58:52','2015-10-22 13:58:52'),(105,4,'AP 251:Tenant B171',1,'2015-10-22 13:59:02','2015-10-22 13:59:02'),(106,4,'AP 252:Tenant B02',1,'2015-10-22 13:59:14','2015-10-22 13:59:14'),(107,4,'AP 253:Tenant B028',1,'2015-10-22 13:59:24','2015-10-22 13:59:24'),(108,4,'AP 265:Golds Gym',1,'2015-10-22 13:59:34','2015-10-22 13:59:34'),(109,4,'AP 266:Vision Exp',1,'2015-10-22 13:59:44','2015-10-22 13:59:44'),(110,4,'AP 323:Primadonna',1,'2015-10-22 13:59:58','2015-10-22 13:59:58'),(111,4,'AP 324:Pancake',1,'2015-10-22 14:00:09','2015-10-22 14:00:09'),(112,4,'AP 325:Penshoppe',1,'2015-10-22 14:00:24','2015-10-22 14:00:24'),(113,4,'AP 326:Sumo Sam',1,'2015-10-22 14:00:35','2015-10-22 14:00:35'),(114,4,'AP 327:Footspa',1,'2015-10-22 14:00:46','2015-10-22 14:00:46'),(115,4,'AP 328:Wellness Sanctuary',1,'2015-10-22 14:00:57','2015-10-22 14:00:57'),(116,4,'AP 329:Toy Kingdom',1,'2015-10-22 14:01:08','2015-10-22 14:01:08'),(117,4,'AP 367:Chemworld',1,'2015-10-22 14:01:19','2015-10-22 14:01:19'),(118,4,'AP 368:Chapel',1,'2015-10-22 14:01:31','2015-10-22 14:01:31'),(119,4,'AP 4 and 1',1,'2015-10-22 14:01:42','2015-10-22 14:01:42'),(120,4,'AP 430:Dogs & the City',1,'2015-10-22 14:01:52','2015-10-22 14:01:52'),(121,4,'AP 431:Dimsum Dumplings',1,'2015-10-22 14:02:05','2015-10-22 14:02:05'),(122,4,'AP 432:Binalot',1,'2015-10-22 14:02:17','2015-10-22 14:02:17'),(123,4,'AP 433:Mang Inasal',1,'2015-10-22 14:02:28','2015-10-22 14:02:28'),(124,4,'AP 434:Quantum',1,'2015-10-22 14:02:39','2015-10-22 14:02:39'),(125,4,'AP 435:Klinik Watch',1,'2015-10-22 14:02:50','2015-10-22 14:02:50'),(126,4,'AP 440',1,'2015-10-22 14:03:02','2015-10-22 14:03:02'),(127,4,'AP 440:Tenant A082',1,'2015-10-22 14:03:14','2015-10-22 14:03:14'),(128,4,'Billy-RAP NOC Test',1,'2015-10-22 14:03:26','2015-10-22 14:03:26'),(129,4,'LCT AP 537: Cinema',1,'2015-10-22 14:03:38','2015-10-22 14:03:38'),(130,4,'LCT AP 538: Cinema',1,'2015-10-22 14:03:48','2015-10-22 14:03:48'),(131,4,'LCT AP 539:Cinema',1,'2015-10-22 14:03:59','2015-10-22 14:03:59'),(132,1,'18:64:72:cf:67:2c',1,'2015-10-22 14:04:30','2015-10-22 14:04:30'),(133,1,'24:de:c6:c6:e8:36',1,'2015-10-22 14:04:40','2015-10-22 14:04:40'),(134,1,'24:de:c6:c6:e8:38',1,'2015-10-22 14:04:50','2015-10-22 14:04:50'),(135,1,'9c:1c:12:c6:7d:6c',1,'2015-10-22 14:05:01','2015-10-22 14:05:01'),(136,1,'Admin Office',1,'2015-10-22 14:05:10','2015-10-22 14:05:10'),(137,1,'AP-23_CDRKING',1,'2015-10-22 14:05:19','2015-10-22 14:05:19'),(138,1,'GLRTA02:AP109:BenchandSwatch',1,'2015-10-22 14:05:30','2015-10-22 14:05:30'),(139,1,'GLRTA1: AP001:Petit',1,'2015-10-22 14:05:41','2015-10-22 14:05:41'),(140,1,'GLRTA1: AP002:Penshoppe',1,'2015-10-22 14:05:51','2015-10-22 14:05:51'),(141,1,'GLRTA1: AP016',1,'2015-10-22 14:06:01','2015-10-22 14:06:01'),(142,1,'GLRTA1: AP017',1,'2015-10-22 14:06:11','2015-10-22 14:06:11'),(143,1,'GLRTA1: AP15',1,'2015-10-22 14:06:23','2015-10-22 14:06:23'),(144,1,'GLRTA1: AP6',1,'2015-10-22 14:06:34','2015-10-22 14:06:34'),(145,1,'GLRTA1:AP003:Bayo',1,'2015-10-22 14:06:45','2015-10-22 14:06:45'),(146,1,'GLRTA1:AP011',1,'2015-10-22 14:06:56','2015-10-22 14:06:56'),(147,1,'GLRTA1:AP012',1,'2015-10-22 14:07:07','2015-10-22 14:07:07'),(148,1,'GLRTA1:AP013',1,'2015-10-22 14:07:18','2015-10-22 14:07:18'),(149,1,'GLRTA1:AP014',1,'2015-10-22 14:07:34','2015-10-22 14:07:34'),(150,1,'GLRTA1:AP021',1,'2015-10-22 14:07:44','2015-10-22 14:07:44'),(151,1,'GLRTA1:AP024',1,'2015-10-22 14:07:56','2015-10-22 14:07:56'),(152,1,'GLRTA1:AP04:Swatch',1,'2015-10-22 14:08:07','2015-10-22 14:08:07'),(153,1,'GLRTA1:AP05',1,'2015-10-22 14:08:17','2015-10-22 14:08:17'),(154,1,'GLRTA1:AP06',1,'2015-10-22 14:09:05','2015-10-22 14:09:05'),(155,1,'GLRTA1:AP09',1,'2015-10-22 14:09:16','2015-10-22 14:09:16'),(156,1,'GLRTA1:AP12',1,'2015-10-22 14:09:42','2015-10-22 14:09:42'),(157,1,'GLRTA1:AP18',1,'2015-10-22 14:09:52','2015-10-22 14:09:52'),(158,1,'GLRTA1:AP22',1,'2015-10-22 14:10:04','2015-10-22 14:10:04'),(159,1,'GLRTA1:AP23',1,'2015-10-22 14:10:16','2015-10-22 14:10:16'),(160,1,'GLRTA2:AP012:Mango Man',1,'2015-10-22 14:10:28','2015-10-22 14:10:28'),(161,1,'GLRTA2:AP03:Lacoste',1,'2015-10-22 14:10:42','2015-10-22 14:10:42'),(162,1,'GLRTA2:AP05:Justice',1,'2015-10-22 14:10:54','2015-10-22 14:10:54'),(163,1,'GLRTA2:AP08',1,'2015-10-22 14:11:14','2015-10-22 14:11:14'),(164,1,'GLRTA2:AP08:Bench',1,'2015-10-22 14:11:36','2015-10-22 14:11:36'),(165,1,'GLRTA2:AP101:CustomerLounge',1,'2015-10-22 14:11:48','2015-10-22 14:11:48'),(166,1,'GLRTA2:AP102:AEROPOSTALE',1,'2015-10-22 14:12:01','2015-10-22 14:12:01'),(167,1,'GLRTA2:AP106:STRADIRAM',1,'2015-10-22 14:12:12','2015-10-22 14:12:12'),(168,1,'GLRTA2:AP107:The Body Shop',1,'2015-10-22 14:12:23','2015-10-22 14:12:23'),(169,1,'GLRTA2:AP110:Bench',1,'2015-10-22 14:12:36','2015-10-22 14:12:36'),(170,1,'GLRTA2:AP112:Penguin',1,'2015-10-22 14:12:47','2015-10-22 14:12:47'),(171,1,'GLRTA2:AP13:Restroom',1,'2015-10-22 14:12:58','2015-10-22 14:12:58'),(172,1,'GLRTA2:AP214:Optical Shop',1,'2015-10-22 14:13:10','2015-10-22 14:13:10'),(173,1,'GLRTA2:AP215:AmericanBoulevard',1,'2015-10-22 14:13:22','2015-10-22 14:13:22'),(174,1,'GLRTA2:AP216:Converse',1,'2015-10-22 14:13:32','2015-10-22 14:13:32'),(175,1,'GLRTA2:AP217:Sketchers',1,'2015-10-22 14:13:42','2015-10-22 14:13:42'),(176,1,'GLRTA2:AP218:Sunnies',1,'2015-10-22 14:13:53','2015-10-22 14:13:53'),(177,1,'GLRTA2:AP219',1,'2015-10-22 14:14:03','2015-10-22 14:14:03'),(178,1,'GLRTA2:AP220:Birkenstock',1,'2015-10-22 14:14:14','2015-10-22 14:14:14'),(179,1,'GLRTA2:AP221:Mangan',1,'2015-10-22 14:14:24','2015-10-22 14:14:24'),(180,1,'GLRTA2:AP222:Cabalen',1,'2015-10-22 14:14:36','2015-10-22 14:14:36'),(181,1,'GLRTA2:AP324:Restroom',1,'2015-10-22 14:14:47','2015-10-22 14:14:47'),(182,1,'GLRTA2:AP325:Electro World',1,'2015-10-22 14:14:59','2015-10-22 14:14:59'),(183,1,'GLRTA2:AP326: PC Comm',1,'2015-10-22 14:15:10','2015-10-22 14:15:10'),(184,1,'GLRTA2:AP327:Hobbiestack',1,'2015-10-22 14:15:22','2015-10-22 14:15:22'),(185,1,'GLRTA2:AP328:BPI',1,'2015-10-22 14:15:32','2015-10-22 14:15:32'),(186,1,'GLRTA2:AP329:Mobile',1,'2015-10-22 14:15:44','2015-10-22 14:15:44'),(187,1,'GLRTA2:AP330:Lil\'s Hobby',1,'2015-10-22 14:16:00','2015-10-22 14:16:00'),(188,1,'GLRTA2:AP331:Hann',1,'2015-10-22 14:16:16','2015-10-22 14:16:16'),(189,1,'GLRTA2:AP332:VILLMAN',1,'2015-10-22 14:16:27','2015-10-22 14:16:27'),(190,1,'GLRTA2:AP333:Data Blitz',1,'2015-10-22 14:16:37','2015-10-22 14:16:37'),(191,1,'GLRTA2:AP334 Sony Centre',1,'2015-10-22 14:16:48','2015-10-22 14:16:48'),(192,1,'GLRTA2:AP335:Modern Shanghai',1,'2015-10-22 14:17:02','2015-10-22 14:17:02'),(193,1,'GLRTA2:AP336:Olympic Village',1,'2015-10-22 14:17:13','2015-10-22 14:17:13'),(194,1,'GLRTA3:0103:Mercury Drug',1,'2015-10-22 14:17:26','2015-10-22 14:17:26'),(195,1,'GLRTA3:AP0101:Osh Kosh B Gosh',1,'2015-10-22 14:17:39','2015-10-22 14:17:39'),(196,1,'GLRTA3:AP0102:Zara',1,'2015-10-22 14:17:50','2015-10-22 14:17:50'),(197,1,'GLRTA3:AP0104:Esprit',1,'2015-10-22 14:18:04','2015-10-22 14:18:04'),(198,1,'GLRTA3:AP0105:McDonald',1,'2015-10-22 14:18:13','2015-10-22 14:18:13'),(199,1,'GLRTA3:AP0128:Shoe Salon',1,'2015-10-22 14:18:23','2015-10-22 14:18:23'),(200,1,'GLRTA3:AP0129:Oxygen',1,'2015-10-22 14:18:34','2015-10-22 14:18:34'),(201,1,'GLRTA3:AP0131:The Ramp',1,'2015-10-22 14:18:45','2015-10-22 14:18:45'),(202,1,'GLRTA3:AP0132:Cats for Tots',1,'2015-10-22 14:19:07','2015-10-22 14:19:07'),(203,1,'GLRTA3:AP0134:Digital Exchange',1,'2015-10-22 14:19:18','2015-10-22 14:19:18'),(204,1,'GLRTA3:AP0135:Bruno\'s Barber',1,'2015-10-22 14:19:29','2015-10-22 14:19:29'),(205,1,'GLRTA3:AP0138:Hard Rock',1,'2015-10-22 14:19:45','2015-10-22 14:19:45'),(206,1,'GLRTA3:AP0211:K and Company',1,'2015-10-22 14:19:55','2015-10-22 14:19:55'),(207,1,'GLRTA4:AP012:TOE Run and Nautica',1,'2015-10-22 14:20:05','2015-10-22 14:20:05'),(208,1,'GLRTA4:AP0140:Mark\'s & Spencer',1,'2015-10-22 14:20:15','2015-10-22 14:20:15'),(209,1,'GLRTA4:AP0150:Human',1,'2015-10-22 14:20:25','2015-10-22 14:20:25'),(210,1,'GLRTA4:AP0153:Apostrophe',1,'2015-10-22 14:20:36','2015-10-22 14:20:36'),(211,1,'GLRTA4:AP0154:Lock & Lock',1,'2015-10-22 14:20:48','2015-10-22 14:20:48'),(212,1,'GLRTA4:AP0155:Magic Walk Food Court',1,'2015-10-22 14:20:57','2015-10-22 14:20:57'),(213,1,'GLRTA4:AP0156:Reyes Barbecue',1,'2015-10-22 14:21:08','2015-10-22 14:21:08'),(214,1,'GLRTA4:AP0158:Savory',1,'2015-10-22 14:21:20','2015-10-22 14:21:20'),(215,1,'GLRTA4:AP0159:Galleria Quatrocento',1,'2015-10-22 14:21:33','2015-10-22 14:21:33'),(216,1,'GLRTA4:AP0160:Nemuri',1,'2015-10-22 14:21:45','2015-10-22 14:21:45'),(217,1,'GLRTA4:AP0161:Cinema 4,5,6 & 7',1,'2015-10-22 14:21:55','2015-10-22 14:21:55'),(218,1,'GLRTA4:AP0161:True Value',1,'2015-10-22 14:22:07','2015-10-22 14:22:07'),(219,1,'GLRTA4:AP0163:Debenhams',1,'2015-10-22 14:22:27','2015-10-22 14:22:27'),(220,1,'GLRTA4:AP0164:Cinema 1,2 & 3',1,'2015-10-22 14:22:37','2015-10-22 14:22:37'),(221,1,'GLRTA4:AP0165:Near Elevator 4th floor',1,'2015-10-22 14:22:48','2015-10-22 14:22:48'),(222,1,'GLRTA4:AP0166:Corp. Solerte',1,'2015-10-22 14:22:58','2015-10-22 14:22:58'),(223,1,'GLRTA4:AP0207:Almeda',1,'2015-10-22 14:23:10','2015-10-22 14:23:10'),(224,1,'GLRTA4:AP208:Jollibee',1,'2015-10-22 14:23:21','2015-10-22 14:23:21'),(225,1,'GLRTA4:AP209:Guess',1,'2015-10-22 14:23:32','2015-10-22 14:23:32'),(226,1,'GLRTA4:AP210:Jipan',1,'2015-10-22 14:23:42','2015-10-22 14:23:42'),(227,4,'GLRTA4:AP212:Human',1,'2015-10-22 14:23:53','2015-10-22 14:23:53'),(228,1,'GLRTA4:AP313:Decor',1,'2015-10-22 14:24:04','2015-10-22 14:24:04'),(229,1,'GLRTA5:Accent Micro L3',1,'2015-10-22 14:24:19','2015-10-22 14:24:19'),(230,1,'GLRTA5:AP0114:Kristine\'s',1,'2015-10-22 14:24:31','2015-10-22 14:24:31'),(231,1,'GLRTA5:Cotton On',1,'2015-10-22 14:24:40','2015-10-22 14:24:40'),(232,1,'GLRTA5:Dwell L3',1,'2015-10-22 14:24:51','2015-10-22 14:24:51'),(233,1,'GLRTA5:Folded and Hung Salon L2',1,'2015-10-22 14:25:02','2015-10-22 14:25:02'),(234,1,'GLRTA5:Giligans L3',1,'2015-10-22 14:25:15','2015-10-22 14:25:15'),(235,1,'GLRTA5:Onitsuka Tiger L2',1,'2015-10-22 14:25:26','2015-10-22 14:25:26'),(236,1,'GLRTA5:River Island L2',1,'2015-10-22 14:25:38','2015-10-22 14:25:38'),(237,1,'GLRTA5:Shana L2',1,'2015-10-22 14:25:47','2015-10-22 14:25:47'),(238,1,'GLRTA5:Vida Doria L2',1,'2015-10-22 14:25:58','2015-10-22 14:25:58'),(239,1,'GLRTA:AP223:Kaya Restaurant',1,'2015-10-22 14:26:08','2015-10-22 14:26:08'),(240,1,'GRLTA3:AP0106:Amazon',1,'2015-10-22 14:26:18','2015-10-22 14:26:18'),(241,1,'GRLTA3:AP0107:Le Jean de Marithe',1,'2015-10-22 14:26:29','2015-10-22 14:26:29'),(242,1,'GRLTA3:AP0108:Ecco',1,'2015-10-22 14:26:40','2015-10-22 14:26:40'),(243,1,'GRLTA3:AP0109:Cinderella',1,'2015-10-22 14:29:04','2015-10-22 14:29:04'),(244,1,'GRLTA3:AP0126:McCafe',1,'2015-10-22 14:29:16','2015-10-22 14:29:16'),(245,1,'GRLTA3:AP0127:McDonald',1,'2015-10-22 14:29:25','2015-10-22 14:29:25'),(246,1,'GRLTA3:AP0130:Ducks Unlimited',1,'2015-10-22 14:29:35','2015-10-22 14:29:35'),(247,1,'GRLTA3:AP0133:Victoria Mondiale',1,'2015-10-22 14:29:44','2015-10-22 14:29:44'),(248,1,'GRLTA3:AP0210:Cibo',1,'2015-10-22 14:29:54','2015-10-22 14:29:54'),(249,1,'GRLTA3:AP0212:Terra and Agua',1,'2015-10-22 14:30:03','2015-10-22 14:30:03'),(250,1,'GRLTA4:AP0142:Doughnuts and Coffee',1,'2015-10-22 14:30:13','2015-10-22 14:30:13'),(251,1,'GRLTA4:AP0143:BPI Bank',1,'2015-10-22 14:30:23','2015-10-22 14:30:23'),(252,1,'GRLTA4:AP0144:Giordano',1,'2015-10-22 14:30:32','2015-10-22 14:30:32'),(253,1,'GRLTA4:AP0145:Milanday',1,'2015-10-22 14:30:42','2015-10-22 14:30:42'),(254,1,'GRLTA5:Penguin',1,'2015-10-22 14:30:52','2015-10-22 14:30:52'),(255,1,'GRLTA5:Perry Ellis',1,'2015-10-22 14:31:04','2015-10-22 14:31:04'),(256,1,'GRLTA5:Rail Est. 13',1,'2015-10-22 14:31:15','2015-10-22 14:31:15'),(257,5,'8 Cuts',1,'2015-10-22 14:31:30','2015-10-22 14:31:30'),(258,5,'AP-01:Sentro',1,'2015-10-22 14:31:40','2015-10-22 14:31:40'),(259,5,'AP-03:Mogo',1,'2015-10-22 14:31:50','2015-10-22 14:31:50'),(260,5,'May Grace',1,'2015-10-22 14:32:00','2015-10-22 14:32:00'),(261,5,'AP-16:Centro',1,'2015-10-22 14:32:10','2015-10-22 14:32:10'),(262,5,'AP02:Serendra',1,'2015-10-22 14:32:19','2015-10-22 14:32:19'),(263,5,'AP04:Serendra',1,'2015-10-22 14:32:29','2015-10-22 14:32:29'),(264,5,'AP05:Serendra',1,'2015-10-22 14:32:39','2015-10-22 14:32:39'),(265,5,'AP205:Serendra',1,'2015-10-22 14:32:48','2015-10-22 14:32:48'),(266,6,'AP135',1,'2015-10-22 14:32:58','2015-10-22 14:32:58');

/*Table structure for table `access_point_group` */

CREATE TABLE `access_point_group` (
  `access_point_group_id` int(11) NOT NULL AUTO_INCREMENT COMMENT 'ID',
  `portal_id` int(11) NOT NULL COMMENT 'Portal',
  `name` varchar(32) NOT NULL COMMENT 'Name',
  `is_active` tinyint(1) NOT NULL COMMENT 'Status',
  `created_at` datetime NOT NULL COMMENT 'Date added',
  `updated_at` datetime NOT NULL COMMENT 'Date updated',
  PRIMARY KEY (`access_point_group_id`)
) ENGINE=InnoDB AUTO_INCREMENT=7 DEFAULT CHARSET=utf8;

/*Data for the table `access_point_group` */

insert  into `access_point_group`(`access_point_group_id`,`portal_id`,`name`,`is_active`,`created_at`,`updated_at`) values (1,1,'Globe_G3_Glo',1,'2015-10-22 13:31:30','2015-10-22 17:29:39'),(2,2,'default',1,'2015-10-22 13:31:51','2015-10-22 13:31:51'),(3,2,'Globe',1,'2015-10-22 13:32:03','2015-10-22 13:32:03'),(4,4,'Globe_G2_LCTM',1,'2015-10-22 13:32:19','2015-10-22 14:59:52'),(5,3,'Globe_G4_Serendra',1,'2015-10-22 13:32:40','2015-10-22 15:00:36'),(6,5,'Wendys-4',1,'2015-10-22 13:32:58','2015-10-22 13:32:58');

/*Table structure for table `ads` */

CREATE TABLE `ads` (
  `ads_id` int(11) NOT NULL AUTO_INCREMENT COMMENT 'ID',
  `nas_id` int(11) NOT NULL COMMENT 'NAS',
  `portal_id` int(11) NOT NULL,
  `image` varchar(32) NOT NULL COMMENT 'Image',
  `url` varchar(128) NOT NULL COMMENT 'Link',
  `title` varchar(32) NOT NULL COMMENT 'Title',
  `created_at` datetime NOT NULL COMMENT 'Date Added',
  `updated_at` datetime NOT NULL COMMENT 'Date Updated',
  `close_url` varchar(255) DEFAULT NULL,
  PRIMARY KEY (`ads_id`)
) ENGINE=InnoDB DEFAULT CHARSET=latin1;

/*Data for the table `ads` */

/*Table structure for table `availment` */

CREATE TABLE `availment` (
  `availment_id` int(11) NOT NULL AUTO_INCREMENT COMMENT 'ID',
  `name` varchar(32) NOT NULL COMMENT 'Name',
  `code` varchar(64) NOT NULL COMMENT 'Code',
  `description` varchar(255) NOT NULL COMMENT 'Description',
  `is_active` tinyint(1) NOT NULL COMMENT 'Status',
  `created_at` datetime NOT NULL COMMENT 'Date Added',
  `updated_at` datetime NOT NULL COMMENT 'Date Updated',
  `model` varchar(32) NOT NULL COMMENT 'Model Name',
  PRIMARY KEY (`availment_id`)
) ENGINE=InnoDB AUTO_INCREMENT=100 DEFAULT CHARSET=latin1;

/*Data for the table `availment` */

insert  into `availment`(`availment_id`,`name`,`code`,`description`,`is_active`,`created_at`,`updated_at`,`model`) values (1,'Facebook Login','facebook.Facebook','Login via Facebook',1,'2015-03-30 11:23:13','2015-03-31 14:38:26','AvailFacebook'),(2,'Registration','registration.Register','Register using the registration form',1,'2015-03-30 11:28:54','2015-04-06 15:51:33','AvailRegistration'),(3,'Mobile No.','mobile.Mobile','Register by supplying your mobile no.',1,'2015-03-30 11:29:12','2015-04-01 17:19:03','AvailMobile'),(4,'Tattoo Home','tattoo_home.Tattoo_home','Tattoo Home',1,'2015-03-30 11:29:40','2015-08-06 13:38:37','AvailTattoo'),(5,'Survey','survey.SurveyLogin','Register by answering surveys',1,'2015-03-30 11:30:33','2015-04-07 10:14:08','AvailSurvey'),(6,'Easy Login','easy_login.Easy_login','Accept terms and conditions',1,'2015-03-30 11:31:03','2015-04-06 16:42:21','AvailEasy'),(7,'Tattoo Platinum','tattoo_platinum.Tattoo_platinum','Tattoo Platinum',1,'2015-08-06 13:37:16','2015-08-06 13:37:16','AvailTattoo'),(99,'Free Internet','free.Free','Free Internet',1,'2015-06-01 00:00:00','2015-06-26 14:36:20','AvailFree');

/*Table structure for table `availment_setting` */

CREATE TABLE `availment_setting` (
  `availment_setting_id` int(11) NOT NULL AUTO_INCREMENT,
  `portal_id` int(11) NOT NULL,
  `availment_id` int(11) NOT NULL,
  `config` varchar(16) NOT NULL,
  `value` text NOT NULL,
  PRIMARY KEY (`availment_setting_id`)
) ENGINE=InnoDB AUTO_INCREMENT=14 DEFAULT CHARSET=latin1;

/*Data for the table `availment_setting` */

insert  into `availment_setting`(`availment_setting_id`,`portal_id`,`availment_id`,`config`,`value`) values (10,1,3,'GLOBE_DURATION','5'),(11,1,3,'XGLOBE_DURATION','2'),(12,1,1,'FB_APP_ID','1565832530339029'),(13,1,1,'FB_SECRET_KEY','8bfbf3e3e887b68e7e6339640ce1f2fa');

/*Table structure for table `cms` */

CREATE TABLE `cms` (
  `cms_id` int(11) NOT NULL AUTO_INCREMENT COMMENT 'ID',
  `portal_id` int(11) NOT NULL COMMENT 'Portal',
  `title` varchar(64) NOT NULL COMMENT 'Title',
  `friendly_url` varchar(32) NOT NULL COMMENT 'Friendly URL',
  `content` text NOT NULL COMMENT 'Content',
  `created_at` datetime NOT NULL COMMENT 'Date Added',
  `updated_at` datetime NOT NULL COMMENT 'Date Updated',
  PRIMARY KEY (`cms_id`)
) ENGINE=InnoDB DEFAULT CHARSET=latin1;

/*Data for the table `cms` */

/*Table structure for table `facebook_setting` */

CREATE TABLE `facebook_setting` (
  `facebook_setting_id` int(11) NOT NULL AUTO_INCREMENT COMMENT 'ID',
  `config` varchar(32) NOT NULL COMMENT 'Config',
  `value` varchar(128) NOT NULL COMMENT 'Value',
  `portal_id` int(11) NOT NULL COMMENT 'Nas',
  PRIMARY KEY (`facebook_setting_id`),
  UNIQUE KEY `unq_Composit_1` (`config`,`value`)
) ENGINE=InnoDB DEFAULT CHARSET=latin1;

/*Data for the table `facebook_setting` */
